Model,MAE ($),RMSE ($),R² Score,Directional Accuracy (%)
Linear Regression,8.874099331991914,10.978051797234425,0.8997568178970734,49.51456310679612
Random Forest,12.357098743732164,16.253747636404686,0.7802588879375466,47.57281553398058
