Model,Accuracy,ROC-AUC
Logistic Regression,0.8666666666666667,0.9421296296296298
Decision Tree,0.7833333333333333,0.7679398148148148
